{
    "loss": 0.44177401065826416,
    "accuracy": 0.9019607901573181,
    "precision": 0.9163783160322952,
    "recall": 0.9019607843137255,
    "f1": 0.8995666642725466
}