{
    "loss": 0.3253301978111267,
    "accuracy": 0.9215686321258545,
    "precision": 0.9310754604872252,
    "recall": 0.9215686274509803,
    "f1": 0.9201771030993042
}